"关键字","印象数","点击次数","点击率","平均排名"
"痛经","60","1","1.67%","8.749995"
"痛经指南","20","1","5%","3.950005"
"naproxen for menstrual cramps","11","1","9.09%","5.81818181818182"
"原发性痛经指南","10","3","30%","8.20001"
"naproxen period pain","9","0","0%","7.88888888888889"
"iud","9","0","0%","6.22222222222222"
"痛经治疗指南","8","2","25%","3.625"
"痛经科普","8","1","12.5%","6.75"
"ibuprofen for period pain","8","0","0%","5.5"
"痛经指南共识","7","2","28.57%","3.71428571428571"
"原发性痛经治疗指南","7","0","0%","6.57144285714286"
"period rn hub","6","0","0%","6.8333"
"痛经filetype.pdf","6","1","16.67%","10"
"大姨妈平台","6","0","0%","3"
"痛经的原理","6","0","0%","7.83333333333333"
"naproxen for period pain","6","0","0%","6.16666666666667"
"advil for dysmenorrhea","5","0","0%","5.8"
"mefenamic acid vs ibuprofen for dysmenorrhea","5","0","0%","6"
"痛经治疗","5","1","20%","12.2"
"why does heat help period cramps","5","0","0%","3.8"
"ibuprofen for menstrual pain","4","0","0%","4.999975"
"痛经 指南 专家共识","4","1","25%","7"
"menstrual health hub","4","2","50%","1.75"
"diagram of water therapy used for menstrual cramp","4","0","0%","1"
"痛经最新指南","4","0","0%","5.5"
"should i be worried with period pains","4","0","0%","10"
"menstrual pain medical term","4","0","0%","9"
"痛经用药建议","4","0","0%","5.25"
"剧烈痛经无法行动，可以打急救电话吗","4","0","0%","6"
"mefenamic acid for dysmenorrhea","3","0","0%","6.33333333333333"
"baños uce","3","0","0%","12.3333"
"dysmenorrhea prostaglandin use 800 ibuprofen","3","0","0%","2.3333"
"heating pad menstrual pain treatment","3","0","0%","3"
"慢性痛经","3","1","33.33%","3.6667"
"痛经的病理分析","3","1","33.33%","2"
"naproxen for period cramps","3","0","0%","6"
"how to apply heat bag on stomach during periods","3","1","33.33%","1"
"perio hub","3","0","0%","6"
"menstrual pain called","3","0","0%","10"
"什么油缓解痛经","3","0","0%","2.3333"
"nsaids for period pain","3","0","0%","2.66666666666667"
"is naproxen good for menstrual cramps","3","0","0%","8"
"痛经补镁","3","0","0%","6"
"menstrual health for teenagers","3","0","0%","9"
"nsaid for period pain","3","0","0%","2.66666666666667"
"痛经的时候能艾灸在肚脐眼 filetype:pdf","3","0","0%","7"
"mefenemic acid or ibuprofen for period pain","3","0","0%","4"
"is naproxen good for period cramps","3","0","0%","6.66666666666667"
"痛经的原因","3","0","0%","6"
"nsaids for dysmenorrhea","3","2","66.67%","4.33333333333333"
"can oxafen be use to treat menstrual pains","3","0","0%","1"
"period pr hub","3","0","0%","6"
"痛经药物 指南","3","1","33.33%","8"
"痛经 热敷","2","0","0%","4"
"dose of nsaids for menstrual bleeding on depo","2","0","0%","8"
"easy recipies which are good for when you are on your period","2","0","0%","8"
"痛经的分类","2","0","0%","9"
"2022 中国指南：中医技术国际标准——痛经","2","0","0%","10"
"痛经疼痛的yuan'l","2","0","0%","7"
"antinevralgic period pain","2","0","0%","2.5"
"period pain tool","2","0","0%","5.5"
"痛经 发生机制","2","0","0%","3.5"
"should you buy a waist heating pad for period","2","0","0%","2"
"痛经穴位快速止痛","2","0","0%","7"
"naproxen liquid dosing dysmenorrhea","2","0","0%","6"
"immediate relief from period cramps","2","0","0%","9"
"what dose of naproxenfor heavy  menstrual bleeding","2","0","0%","6"
"痛经症状","2","0","0%","9"
"痛经诊疗指南","2","1","50%","4"
"痛经可以热敷吗","2","0","0%","4"
"痛经病诊疗指南","2","1","50%","7.5"
"痛经的定义","2","0","0%","7"
"热敷为什么能缓解痛经","2","0","0%","7.5"
"痛经的鉴别诊断","2","0","0%","6"
"ibuprofen dosage for dysmenorrhea","2","1","50%","1"
"how often can you have ibuprofen for period pain","2","1","50%","1"
"naproxen dosage for menstrual cramps","2","0","0%","3"
"fast heat for period pain 3patches","2","0","0%","7"
"pain menstruation medical term","2","0","0%","10"
"heat patch for period pain","2","0","0%","3.5"
"csn i use naproxen for menstrual cramps relief","2","0","0%","4"
"痛经的治疗指南","2","2","100%","5"
"medical medium menstrual pain","2","1","50%","4.5"
"where is the advisable place to put heat compress during period and is it advisable to put heat or cold compress?","2","1","50%","1.5"
"can novafen be used for menstrual cramps","2","0","0%","10"
"scientific name for menstrual pain","2","0","0%","6"
"recepies for your period","2","0","0%","7"
"pain relievers prescribed to someone with severe period cramps name","2","0","0%","10"
"whar is the menstrual heating pad","2","0","0%","6"
"nsaid period pain","2","1","50%","5"
"nsaid vs midol for menstrual cramps","2","0","0%","5"
"where do i put a heating pad for period is","2","0","0%","5"
"继发性痛经症状诊疗指南","2","0","0%","2"
"advil or tylenol for menstruation heavy bleeding","2","0","0%","7"
"best nsaids for mendtrualcramps treatment","2","0","0%","2"
"ib profin for period cramps dosage","2","1","50%","2"
"原发性痛经诊断标准","2","0","0%","8"
"in medical term period pained","2","0","0%","2"
"子宫痉挛性疼痛治疗指南","2","1","50%","6"
"ibuprofen vs voltaren for menstral cramps","2","0","0%","9"
"is ibuprofen safe to relieve period pain","2","0","0%","5"
"pain pills for period pain starting with an m","2","0","0%","8"
"severe period pain with intermittent loss of vision and diarrhea","2","0","0%","8"
"《痛经管理指南》","2","0","0%","6"
"nsaids menstrual cramps relief","2","0","0%","1"
"ibuprofen dysmenorrhea guidelines","2","0","0%","5"
"prostaglandin inhibitor alternatives for period","2","0","0%","4"
"痛经计算器","2","0","0%","7"
"nalgesic period pain cumerone","2","2","100%","1"
"痛经去急诊有什么缓解办法","2","1","50%","2"
"naproxen for dysmenorrhrea","2","1","50%","4"
"naproxen for dysmenorrhea dosing","2","1","50%","1"
"经期热敷","2","1","50%","2.5"
"pain block for periods","2","0","0%","7"
"can you use hand warmers for period cramps","2","0","0%","6"
"when is it effective to use ibuprofen for period pain and when to stop","2","0","0%","8"
"子宫痉挛和痛经","2","0","0%","4"
"痛经的病理机制","2","1","50%","7"
"ibuprofen for dysmenorea","2","0","0%","7"
"periods hub","2","0","0%","4.5"
"take 400mg every 4 hours on first day of period","2","0","0%","6.5"
"ibuprofen dosage for period cramps","2","0","0%","9"
"痛经病因","2","0","0%","6.5"
"痛经是什么病","2","0","0%","7.5"
"menstrual period pain medical abbrevatio","1","0","0%","7"
"what dose of naproxenfor pronlog menstruation","1","1","100%","1"
"heat pad forperiod","1","0","0%","8"
"does heat help with menstrual cramps and clots","1","1","100%","1"
"月经痛的诊疗记录","1","1","100%","1"
"terminology for menstrual pain","1","0","0%","4"
"病理性痛经","1","0","0%","10"
"ok to take 1000mg naproxen fot severe menstral cramps","1","0","0%","4"
"ibuprofen for dysmenorrhea","1","0","0%","4"
"电热毯缓解痛经","1","0","0%","3"
"naproxen for menstrual pain egypt","1","0","0%","8"
"analgesia for dysmenorrhea","1","0","0%","5"
"ibupruf3n for period pain","1","0","0%","5"
"if a woman has severe menstrual and extreme nausea what herbals help rekieve","1","0","0%","7"
"aleve dosage for pms pain","1","0","0%","6"
"period pain fomrulation","1","0","0%","10"
"strongest painkillers for period pain","1","0","0%","8"
"naproxen switched from pom-p for period cramps","1","0","0%","9"
"痛经 医生怎么开诊断","1","0","0%","5"
"pain during menstraial period in medcal","1","0","0%","5"
"what do if heatpack not helping period cramping","1","0","0%","10"
"advil or ibuprofen for period pain?","1","0","0%","8"
"drug of choice in period pain","1","0","0%","9"
"advil dosage for extreme dysmenorrhea","1","1","100%","1"
"cramps menstrual prostaglandin nsaid kidney","1","0","0%","3"
"deep heat period pain heat patches after expired","1","0","0%","10"
"hogy is nsaid helping with period pain","1","0","0%","1"
"how much newton of force is generated by period pain","1","0","0%","1"
"严重痛经","1","2","200%","6"
"period pain asllergic to ibruprofen","1","0","0%","2"
"hiw many mg is normal ibuprofen period pain","1","0","0%","2"
"dysmenorrhea emotional","1","0","0%","8"
"mefenamic acid or ibuprofen for menstral bleeding","1","0","0%","8"
"痛经原因，调查和实验","1","0","0%","4"
"best recepies when you are on your period","1","0","0%","7"
"period pain medication","1","0","0%","10"
"ibuprofen treatment for dysmenorrhea protocol","1","0","0%","4"
"痛经 子宫","1","0","0%","5"
"how often and much ibuprofen is safe for managing menstrual cramps","1","0","0%","6"
"月经不调健康管理","1","1","100%","21"
"痛经 原发性","1","0","0%","10"
"经痛释义","1","0","0%","5"
"ibuprofen for menstrual pain relief","1","0","0%","2"
"medication for period pain that begins with p","1","0","0%","9"
"metamizole vs mefenamic acid for period pain","1","1","100%","12"
"medical term for dysmenorrhea with diarrhea","1","0","0%","5"
"scientific term for menstrual cramping","1","0","0%","4"
"what to do dysmenorrhea if allergic to mefenamic acid and ibuprofen","1","0","0%","1"
"best oils for menstrual relief","1","0","0%","9"
"痛经治疗指南2020年","1","1","100%","3"
"best nsaid for menses","1","0","0%","1"
"period pain simulator device painfulevice that gives electric shock","1","0","0%","3"
"acetaminophen naproxen combination for menstrual cycle","1","1","100%","3"
"period snack recipes","1","0","0%","6"
"presciption pain medication for dysmenorrhea","1","0","0%","4"
"period friendly meals","1","0","0%","6"
"what pain relief drug csn i se for period headache","1","0","0%","9"
"naproxen menstrual cramps","1","0","0%","6"
"does applying heat to your lower abdomen make your period come faster when it is near?","1","0","0%","8"
"现有治疗或减轻痛经的方法","1","0","0%","9"
"painkiller impact on period flow","1","0","0%","44"
"nsaids for menstrual bleeding dosing","1","0","0%","5"
"痛经的指征","1","0","0%","1"
"which nsaid is best for period cramps","1","0","0%","1"
"how many naproxen can i take for my period pain","1","0","0%","5"
"nsaid menstruation bradykin","1","0","0%","2"
"menstrual heating pads comment utiliser","1","0","0%","4"
"what to say to teen thats worried about her period","1","0","0%","10"
"period pain tracker","1","0","0%","7"
"naproxen dosing dysmenorrhea","1","0","0%","2"
"痛经时热敷哪里","1","1","100%","4"
"advil for menstrual pain scheduled dosing before","1","0","0%","1"
"myosy period heat paid","1","0","0%","1"
"heating pads  induce periods","1","0","0%","8"
"medication for zerious period pain","1","0","0%","10"
"heat and pressure for menstrual cramps","1","1","100%","1"
"how is period pain measured","1","0","0%","9"
"痛经中最常见的","1","0","0%","6"
"nsaid choice for painful period","1","0","0%","2"
"period pain prescription drug","1","0","0%","8"
"is hot compress good for period?","1","0","0%","1"
"recipes on period","1","0","0%","7"
"pain periods articlr","1","1","100%","6"
"原发性痛经诊断与治疗专家共识","1","0","0%","3"
"maximum ibuprofen a day for period cramps","1","0","0%","6"
"naproxen for cramps period pain","1","0","0%","10"
"period.pain.simulatoe","1","0","0%","5"
"dysmenorrhea advil or tylenol","1","0","0%","7"
"为什么发热会改善经期疼痛症状","1","0","0%","6"
"can you use deep heat for period cramps","1","0","0%","2"
"can a heatpad help for period cramps","1","0","0%","3"
"cetmol good period pain","1","0","0%","10"
"is prostaglandin period pain","1","0","0%","10"
"naproxen for period dose","1","0","0%","6"
"mefenamic acid benefits forperiod pain vs other nsaids","1","0","0%","8"
"howis naprogesic better than ibuprofen for period pain","1","0","0%","4"
"痛经的诊断标准","1","1","100%","2"
"methanemic acid period pain","1","0","0%","10"
"naproxen for menstrual gramps","1","0","0%","7"
"is naproxen or ibuprofen better for period cramps","1","0","0%","5"
"painful menstrual flow medical term","1","0","0%","9"
"moa ibuprofen in menstruation","1","0","0%","1"
"痛经长期解决方案","1","0","0%","6"
"原发性痛经的临床治疗指南","1","1","100%","7"
"codocet can use for period pain","1","0","0%","3"
"medical term painful periods","1","0","0%","10"
"mefenamic acid period pain","1","0","0%","10"
"most effective nsaid for dysmenorrhea","1","1","100%","1"
"maximum daily dose of ibuprofen for menstrual cramps","1","1","100%","2"
"how does hot water bottles help period pains","1","0","0%","5"
"ibuprofen good period pain","1","0","0%","4"
"痛经的机制和原理","1","1","100%","3"
"csn i use naproxen for menstrual cramps","1","0","0%","3"
"naproxen for cramps period","1","0","0%","4"
"whats a good heat to put your hot water bottle for period cramps","1","0","0%","1"
"guided standing meditation","1","0","0%","29"
"月经相关疾病诊断方法","1","0","0%","13"
"nsaid that can be prescribed in canada for menstrual bleeding","1","0","0%","3"
"menstrual pain pathophysiology","1","0","0%","6"
"why does heat help with period cramps","1","0","0%","6"
"naproxen not working for period pain","1","0","0%","7"
"mefenamic acid dose for dysmenorrhea","1","0","0%","4"
"naproxen for dysmenorrhea","1","0","0%","2"
"热敷有助于排除月经血块吗","1","1","100%","7"
"period management for teens","1","0","0%","9"
"can nsaidsmake your period stop","1","0","0%","7"
"drug for menstrual cramps tken in 4 hour intervals3 times","1","0","0%","6"
"strong painkillers for period","1","0","0%","9"
"using naproxen for period pain dosage","1","0","0%","2"
"abdominal cramps可以是痛经吗","1","0","0%","4"
"nsai used in dysmenorrhea","1","0","0%","3"
"what medication to describe for period pain","1","0","0%","3"
"pain onset of menstruation","1","0","0%","2"
"dose of naproxen for period pain","1","0","0%","3"
"how period pain is measured","1","0","0%","10"
"were do i put a heating pad for periods","1","0","0%","7"
"medical term for painful menstruation","1","0","0%","10"
"neproxine menastral","1","0","0%","3"
"term for mestual pain","1","0","0%","8"
"pathophysiology of dysmenorhhea pain","1","0","0%","9"
"how much advil can you take with panadol menstrual at once","1","0","0%","6"
"high dose nsaid for irregular periods","1","0","0%","4"
"why is iburprofen best for period pain","1","0","0%","8"
"why do period simulators effecyt mens","1","0","0%","9"
"msgnisium for heavy periods","1","0","0%","8"
"difference between ibuprofen & naproxen for menstrual cramps","1","0","0%","4"
"menstrual pain","1","0","0%","10"
"经痛热敷","1","1","100%","1"
"vaginal nsaid","1","1","100%","3"
"inhibitor for period pain","1","0","0%","2"
"dysmenorrhea diagnosis criteria","1","1","100%","10"
"改善肠道后不痛经","1","0","0%","4"
"management of period pains ibuprofen dosage","1","0","0%","1"
"what to read when on periods","1","0","0%","4"
"痛经的含义","1","0","0%","8"
"what analgesic most used for period pain","1","1","100%","2"
"period living recipies","1","0","0%","8"
"naproxen do i need a prescription for period pain","1","0","0%","8"
"痛经指南氨酚拉明","1","1","100%","9"
"prostaglandines in menstual pain","1","0","0%","4"
"ibuprofen 800 for menstrual cramps","1","0","0%","9"
"menstrual nausea solution","1","0","0%","1"
"abdominal pain with periods differential","1","0","0%","10"
"heating devices currently on the market for menstrual pain","1","0","0%","3"
"cramps menstrual prostaglandin nsaid","1","0","0%","1"
"global perspective about period pain","1","0","0%","2"
"ibuprofen dose for dysmenorrhea","1","1","100%","2"
"how do period simulators work","1","0","0%","6"
"dysmenorhea mechanism","1","0","0%","5"
"ibuprofen 400mg tablet for period pain","1","0","0%","10"
"痛经疼痛原理","1","0","0%","4"
"naproxen period cramps","1","0","0%","6"
"pain full menses medical term","1","0","0%","10"
"黑麻油能缓解痛经吗","1","0","0%","9"
"how many paracetomal and ibropreufen for period pain","1","0","0%","4"
"severe pain medicine for period pain 2 day","1","0","0%","7"
"naproxen for period pains","1","0","0%","9"
"tcm what is your constitution test","1","0","0%","6"
"can nsaids be given with heavy periods","1","0","0%","3"
"why does heat help cramps menstrual","1","0","0%","1"
"methasasic period pain medication","1","0","0%","7"
"menstrual stomach pain heating bad","1","0","0%","3"
"period living magazine recipies women","1","0","0%","9"
"经期热敷多少度舒服","1","1","100%","2"
"causes of mentrual pain in womenthat aligns with mensteruat cycle","1","0","0%","2"
"what does heating pad do for period","1","0","0%","4"
"how to use a hot water bottle for period pain","1","0","0%","1"
"ansaid for period cramps","1","0","0%","1"
"prostaglandins nsaid periodic","1","0","0%","3"
"medical term for menstral pain","1","0","0%","7"
"use of aleve during period","1","0","0%","7"
"qurbet site:nextdoor.com/pages/","1","0","0%","2"
"what to do dysmennorhea if allergic to mefenamic acid and ibrupofen","1","0","0%","7"
"电热毯治痛经","1","0","0%","3"
"safe pain killer for period","1","0","0%","9"
"period pain 药","1","0","0%","5"
"痛经研究指南","1","1","100%","2"
"heat massage during periods","1","0","0%","1"
"月经热敷","1","1","100%","3"
"period pain diagnosos","1","0","0%","5"
"现代医学 痛经的原因和治疗办法","1","1","100%","3"
"nsaid rx for heavy menstrual bleeding","1","0","0%","9"
"痛经的分类哦","1","0","0%","10"
"is period pain classified as gynea or abdominal","1","0","0%","9"
"heat patches period cramps","1","0","0%","5"
"ibuprofen dosing for menstrual bleeding","1","0","0%","6"
"pelvic pain in ayurvedic corelation","1","0","0%","50"
"痛经拒绝见面","1","0","0%","10"
"女生痛经","1","0","0%","8"
"痛经的病位","1","0","0%","1"
"how does nsaids help with periods","1","0","0%","4"
"period heat","1","0","0%","1"
"how many people around the world ought period simulators","1","0","0%","5"
"how hot compressed help woth period","1","0","0%","1"
"best nsaid for period cramping","1","0","0%","1"
"anabrex 200 can it work for menstrual pain","1","0","0%","7"
"痛经和经前痛","1","0","0%","7"
"menstral nsaid for cramps","1","0","0%","2"
"how does heat help with menstrual cramps","1","0","0%","2"
"can a patient take ibuprofen for dysmenorrhea","1","0","0%","6"
"热敷真的能缩短经期吗","1","0","0%","2"
"should a company provide a heat pad/hot water bottle for something with period pain","1","1","100%","4"
"menstrual pain is always abnormal kap mhm","1","1","100%","3"
"痛经需要看病吗","1","0","0%","4"
"hpow many dosage of ibuprofen is needed for period cramps","1","0","0%","7"
"痛经无法忍受紧急","1","1","100%","5"
"dose of nsaids for dysmenorrhea","1","1","100%","2"
"nsaids for menstrual cramps","1","0","0%","5"
"如何诊治痛经","1","0","0%","6"
"pain at the time of a regular menstrual flow is referred to as?","1","0","0%","9"
"is brufen ok for menstrual pain","1","0","0%","9"
"辨走的痛经神经","1","0","0%","7"
"ibuprofen tablet for period pain","1","0","0%","3"
"pain with menses medical term","1","0","0%","9"
"ibuprofen for dysmenorea relevant counselling points list","1","1","100%","1"
"medical term for signficant memstrual pain","1","0","0%","8"
"ibupfoen for period pain","1","0","0%","2"
"mefenamic vs naproxen for dysmenorrhea","1","0","0%","5"
"ibuprofen for period pain strength","1","0","0%","2"
"do nsaids ehlp period cramps","1","0","0%","3"
"period pain relief motrin","1","0","0%","10"
"do asian women have a greater problem with menstraul pain and finding effective pain relief solutions","1","0","0%","6"
"naproxen dysmenorrhea","1","0","0%","3"
"女性经期热敷小腹","1","0","0%","8"
"ibuprofen for period cramps dosage","1","0","0%","3"
"ibuprofen zentiva is used dor period pain?","1","0","0%","1"
"ibuprofen for period","1","0","0%","10"
"nsaid beginning with m for period bleeding","1","0","0%","2"
"period pain nsaid","1","0","0%","1"
"medical term painful menstruation","1","0","0%","4"
"月经 热敷 位置","1","0","0%","3"
"ibuprofen vs naproxen menstrual crsmp","1","0","0%","2"
"nurse recommends book for menstral cycle","1","0","0%","7"
"medication prescribed for period pain","1","0","0%","7"
"in period time analgesic medicine can be taken","1","0","0%","2"
"strongest nsaid's for periods in uk","1","0","0%","4"
"where do i put a heating pad for period","1","0","0%","4"
"examples of nsaids to treat dysmenorrhea","1","0","0%","4"
"how does heat help menstrual cramps","1","1","100%","1"
"女人的痛经期","1","0","0%","6"
"痛经的概念","1","0","0%","8"
"pain reliever for dysmenorrhea intolerant of opiates and nsaids","1","0","0%","5"
"萘普生等nsaids是治疗原发性痛经的一线药物。 · 对于月经过多，nsaids是有效的药物治疗选择之一，尤其适合合并痛经的患者。 · 推荐按疗程短期使用（如经期3-5天），以最小化副作用风险。","1","1","100%","2"
"痛经 非病理机制","1","0","0%","7"
"when to take nsaids for dysmenorrhea","1","0","0%","3"
"治疗痛经","1","0","0%","7"
"naproxen dose for dysmennorhea","1","0","0%","4"
"associations of magnesium intake with acyclic pelvic pain and dysmenorrhea’","1","0","0%","6"
"fast heat oudourless heat relief priod pain","1","0","0%","1"
"nsaid menstrual cramping","1","0","0%","2"
"nsaid for dysmenorrhea","1","0","0%","3"
"high dose ibuprofen for menstruation reduction","1","0","0%","7"
"food to eat during period recipe","1","0","0%","4"
"menstrual health check list","1","1","100%","4"
"best nsaid for dysmenorrhea","1","0","0%","4"
"analgesics would you initially recommend for period pain","1","0","0%","2"
"痛经进急诊","1","1","100%","1"
"analgesic medicine can be taken during periods","1","1","100%","3"
"痛经的疼痛性质","1","0","0%","5"
"naproxen period cramps relief","1","0","0%","5"
"dysmenorrhea pain killer m","1","0","0%","9"
"rosehip oil for period pain","1","0","0%","10"
"goals planning based on menstrual cycle pdf","1","0","0%","7"
"painful menstruation medical term","1","0","0%","10"
"naproxen dose for period cramps","1","0","0%","1"
"menstrual pain prescription options","1","0","0%","5"
"heat patch for period","1","0","0%","3"
"what low dose ibuprofen slows vaginal bleeding","1","0","0%","8"
"mefenamic acid for dysmennorhea","1","0","0%","7"
"type of mestural pain","1","0","0%","9"
"prescribed as prn to manage menstrual pain ibuprofen","1","0","0%","1"
"heat patches for menstrual cramps","1","0","0%","10"
"is aleve better than ibuprofen for menstrual pain","1","0","0%","8"
"offer support and ensure coverage for mensturation management and treatment","1","0","0%","2"
"nsaid for management of dysmenorrhoea","1","0","0%","5"
"what causes intense period pain when sick","1","0","0%","7"
"姨妈期间可以仪器热敷吗","1","0","0%","1"
"热敷是会延缓例假","1","0","0%","5"
"myth va facts about mensutrual","1","0","0%","4"
"ibuprofen period paion","1","0","0%","1"
"can you alternate ibuprofen and acetaminophen for menstrual cramps","1","0","0%","10"
"月经中期痛经","1","0","0%","8"
"ibuprofen dysmenorrhea","1","0","0%","9"
"essential oils for menstral pain relief","1","0","0%","7"
"nafasol for period pain","1","0","0%","2"
"how to use heating pad for periods","1","1","100%","1"
"naproxen and mentrual cycle","1","0","0%","7"
"is ibuprofen good for period pain","1","0","0%","2"
"痛经用药指南","1","0","0%","8"
"hot bottle for period pain explode from temp","1","0","0%","5"
"甘氨酸镁雌激素","1","0","0%","6"
"naproxen for periods pain","1","0","0%","8"
"痛经是病症嘛","1","0","0%","4"
"which temprature is est for period pain relivf","1","0","0%","3"
"nsaid options for menstrual cramps","1","0","0%","1"
"aleve dosage for pms pain management","1","0","0%","8"
"how many people around the world bought period simulators","1","0","0%","3"
"dishes to make when you're on your period","1","0","0%","10"
"having pain with menstrual period was uncomfortable medical term","1","0","0%","9"
"best nsaids for menstrual","1","0","0%","1"
"management of period pains ibuprofen","1","0","0%","1"
"severre abdominal pain that occures during period diagnosis","1","0","0%","10"
"dysmenorrhagia naproxen","1","0","0%","5"
"痛经病因图片","1","0","0%","7"
"high dose of naproxen for period cramps","1","0","0%","1"
"aleve for menstrual flow","1","0","0%","8"
"offer support and ensure coverage for menstruation management and treatment","1","1","100%","2"
"is iboprufen better for period pain","1","0","0%","10"
"good medication pain medication for menstruals","1","0","0%","9"
"period panty health hub","1","0","0%","3"
